{
  "model": "gemma4_31b",
  "shape": [
    60,
    16,
    128,
    168
  ],
  "analysis_dim": 210,
  "test_1": {
    "test": "boundary_sharpness",
    "analogy": "superconductivity",
    "skeleton_k": 26,
    "analysis_dim": 210,
    "transition_layer": 0,
    "per_layer_mean_error": [
      0.934019,
      0.93239,
      0.935466,
      0.933643,
      0.933518,
      0.935742,
      0.93046,
      0.931599,
      0.934687,
      0.934146,
      0.933581,
      0.934771,
      0.934665,
      0.934791,
      0.933649,
      0.932206,
      0.933859,
      0.935432,
      0.932768,
      0.934,
      0.933902,
      0.93447,
      0.905121,
      0.904081,
      0.889203,
      0.915554,
      0.855866,
      0.839117,
      0.867353,
      0.869806,
      0.828974,
      0.900445,
      0.869805,
      0.896364,
      0.876981,
      0.860203,
      0.887934,
      0.887378,
      0.891422,
      0.899554,
      0.899117,
      0.893658,
      0.896456,
      0.891488,
      0.896792,
      0.892919,
      0.896711,
      0.892306,
      0.89612,
      0.879879,
      0.884307,
      0.88616,
      0.881193,
      0.88439,
      0.886629,
      0.887063,
      0.887786,
      0.886598,
      0.880256,
      0.885499
    ],
    "per_layer_std_error": [
      0.019184,
      0.018855,
      0.01851,
      0.018942,
      0.019701,
      0.018604,
      0.021049,
      0.019588,
      0.017956,
      0.019921,
      0.01951,
      0.01823,
      0.017891,
      0.017818,
      0.018607,
      0.018779,
      0.017586,
      0.017761,
      0.018947,
      0.019449,
      0.01885,
      0.018552,
      0.055474,
      0.053653,
      0.070104,
      0.030859,
      0.078328,
      0.103304,
      0.085216,
      0.080423,
      0.114165,
      0.03817,
      0.065529,
      0.044016,
      0.0607,
      0.079365,
      0.049777,
      0.052082,
      0.051213,
      0.046393,
      0.042167,
      0.05218,
      0.045867,
      0.054852,
      0.047804,
      0.052869,
      0.048752,
      0.052808,
      0.048368,
      0.06342,
      0.05855,
      0.059329,
      0.061201,
      0.060635,
      0.058194,
      0.056542,
      0.056164,
      0.058714,
      0.067421,
      0.061904
    ],
    "early_mean_error": 0.934019,
    "late_mean_error": 0.902904,
    "early_std_error": 0.019184,
    "late_std_error": 0.04468,
    "variance_ratio": 0.4294,
    "step_sharpness": 0.0,
    "win_variance_ratio": false,
    "win_step_sharpness": false,
    "verdict": "GRADIENT \u2014 smooth regime shift; no sharp optimisation boundary"
  },
  "test_2": {
    "test": "ghost_basin",
    "analogy": "collatz_clustering",
    "backend": "dbscan",
    "entropy_threshold": 5.4,
    "entropy_threshold_formula": "log2(210)*0.70",
    "n_ghost_heads": 954,
    "n_ghost_fraction": 0.9938,
    "eps_used": 1.308,
    "min_samples": 3,
    "n_clusters": 1,
    "n_noise": 0,
    "coverage": 1.0,
    "clusters": {
      "0": {
        "size": 954,
        "mean_entropy": 6.371,
        "layers": [
          0,
          1,
          2,
          3,
          4,
          5,
          6,
          7,
          8,
          9,
          10,
          11,
          12,
          13,
          14,
          15,
          16,
          17,
          18,
          19,
          20,
          21,
          22,
          23,
          24,
          25,
          26,
          27,
          28,
          29,
          30,
          31,
          32,
          33,
          34,
          35,
          36,
          37,
          38,
          39,
          40,
          41,
          42,
          43,
          44,
          45,
          46,
          47,
          48,
          49,
          50,
          51,
          52,
          53,
          54,
          55,
          56,
          57,
          58,
          59
        ],
        "heads": [
          0,
          1,
          2,
          3,
          4,
          5,
          6,
          7,
          8,
          9,
          10,
          11,
          12,
          13,
          14,
          15
        ]
      }
    },
    "win": false,
    "verdict": "NO CLUSTERS \u2014 ghosts are scattered noise; Collatz-basin analogy does not hold here"
  },
  "test_3": {
    "test": "rope_pair_correlation",
    "analogy": "twin_prime_symmetry",
    "skeleton_k": 26,
    "per_layer_mean_r": [
      -0.0991,
      -0.1188,
      -0.0663,
      -0.2563,
      -0.2998,
      -0.1554,
      0.0285,
      -0.1441,
      0.0399,
      0.007,
      0.2216,
      -0.2253,
      -0.0149,
      -0.1857,
      -0.3188,
      -0.237,
      -0.2367,
      -0.0565,
      -0.2354,
      -0.1051,
      -0.172,
      0.0441,
      0.9298,
      0.8929,
      0.9117,
      0.7856,
      0.9284,
      0.976,
      0.9542,
      0.9292,
      0.9821,
      0.9331,
      0.9634,
      0.896,
      0.9258,
      0.9091,
      0.7931,
      0.8549,
      0.9248,
      0.9339,
      0.8822,
      0.9299,
      0.9364,
      0.9285,
      0.9099,
      0.9497,
      0.9481,
      0.927,
      0.9036,
      0.8401,
      0.8717,
      0.8728,
      0.903,
      0.9075,
      0.7128,
      0.7668,
      0.7569,
      0.9073,
      0.8622,
      0.7426
    ],
    "overall_r": 0.5216,
    "early_r": 0.1574,
    "late_r": 0.8858,
    "peak_layer": 30,
    "win": false,
    "verdict": "PARTIAL \u2014 r=0.522: moderate pairing signal; worth testing differential encoding on early layers only (r_early=0.157)"
  },
  "test_4": {
    "test": "fractional_lookahead",
    "analogy": "fractional_operators",
    "alphas_tested": [
      0.25,
      0.5,
      0.75,
      1.0,
      1.5,
      2.0
    ],
    "p3_curve": [
      0.325312,
      0.327169,
      0.315837,
      0.328706,
      0.325498,
      0.327726,
      0.331278,
      0.340069,
      0.325349,
      0.330288,
      0.321296,
      0.319499,
      0.327867,
      0.321327,
      0.324887,
      0.321032,
      0.324824,
      0.317928,
      0.329559,
      0.328219,
      0.333249,
      0.321588,
      0.364557,
      0.36717,
      0.378327,
      0.384332,
      0.4509,
      0.432804,
      0.414981,
      0.410044,
      0.405122,
      0.406736,
      0.456449,
      0.400565,
      0.45501,
      0.425803,
      0.438853,
      0.442971,
      0.413279,
      0.408479,
      0.40416,
      0.412014,
      0.407581,
      0.407599,
      0.41161,
      0.42345,
      0.382149,
      0.411607,
      0.420325,
      0.416682,
      0.401233,
      0.404807,
      0.411343,
      0.407415,
      0.408693,
      0.408237,
      0.383502,
      0.396349,
      0.377979,
      0.384766
    ],
    "actual_transition_layer": 33,
    "standard_detection_layer": 60,
    "best_alpha": 0.25,
    "best_alpha_detection_layer": 60,
    "lookahead_layers": 0,
    "detection_by_alpha": {
      "0.25": 60,
      "0.5": 60,
      "0.75": 60,
      "1.0": 60,
      "1.5": 60,
      "2.0": 60
    },