{
  "input": "D:\\F\\shannon-prime-repos\\shannon-prime\\logs\\phase12\\kv_qwen36_27b.npz",
  "shape": {
    "n_layers": 64,
    "n_heads": 4,
    "n_pos": 128,
    "head_dim": 213
  },
  "analysis_dim": 231,
  "sqfree": true,
  "results": {
    "test_1": {
      "test": "boundary_sharpness",
      "analogy": "superconductivity",
      "skeleton_k": 27,
      "analysis_dim": 231,
      "transition_layer": 0,
      "per_layer_mean_error": [
        0.935274,
        0.93852,
        0.938664,
        0.939901,
        0.937242,
        0.876288,
        0.893954,
        0.914112,
        0.902959,
        0.909473,
        0.925797,
        0.930627,
        0.93057,
        0.931594,
        0.933172,
        0.942566,
        0.940389,
        0.940706,
        0.937217,
        0.940058,
        0.936606,
        0.932452,
        0.939688,
        0.942389,
        0.941253,
        0.940067,
        0.931641,
        0.93725,
        0.936424,
        0.938858,
        0.940754,
        0.941665,
        0.939924,
        0.942942,
        0.937495,
        0.93669,
        0.939973,
        0.937297,
        0.937226,
        0.94057,
        0.94189,
        0.939911,
        0.937735,
        0.936397,
        0.937703,
        0.937837,
        0.942289,
        0.936644,
        0.938136,
        0.935996,
        0.939778,
        0.934507,
        0.938023,
        0.938202,
        0.936105,
        0.9375,
        0.935906,
        0.937642,
        0.938831,
        0.936182,
        0.940678,
        0.937304,
        0.937376,
        0.939375
      ],
      "per_layer_std_error": [
        0.060547,
        0.016079,
        0.01568,
        0.015143,
        0.016244,
        0.091999,
        0.056303,
        0.042007,
        0.052427,
        0.0606,
        0.020409,
        0.01935,
        0.019235,
        0.017018,
        0.019456,
        0.017359,
        0.01641,
        0.013905,
        0.01491,
        0.014875,
        0.017651,
        0.018029,
        0.018583,
        0.016474,
        0.017192,
        0.014695,
        0.018399,
        0.014906,
        0.016471,
        0.01669,
        0.017355,
        0.016119,
        0.015923,
        0.015666,
        0.0149,
        0.016887,
        0.015105,
        0.015404,
        0.017459,
        0.01582,
        0.016134,
        0.016969,
        0.015544,
        0.016955,
        0.016565,
        0.016174,
        0.017224,
        0.016393,
        0.017374,
        0.017321,
        0.015545,
        0.0163,
        0.016998,
        0.017488,
        0.016645,
        0.016968,
        0.015885,
        0.016611,
        0.015946,
        0.016826,
        0.014452,
        0.016519,
        0.018337,
        0.017139
      ],
      "early_mean_error": 0.935274,
      "late_mean_error": 0.934722,
      "early_std_error": 0.060547,
      "late_std_error": 0.02075,
      "variance_ratio": 2.9179,
      "step_sharpness": 0.0,
      "win_variance_ratio": false,
      "win_step_sharpness": false,
      "verdict": "GRADIENT \u2014 smooth regime shift; no sharp optimisation boundary"
    },
    "test_2": {
      "test": "ghost_basin",
      "analogy": "collatz_clustering",
      "backend": "dbscan",
      "n_ghost_heads": 256,
      "n_ghost_fraction": 1.0,
      "eps_used": 1.3483,
      "min_samples": 3,
      "n_clusters": 1,
      "n_noise": 0,
      "coverage": 1.0,
      "clusters": {
        "0": {
          "size": 256,
          "mean_entropy": 6.738,
          "layers": [
            0,
            1,
            2,
            3,
            4,
            5,
            6,
            7,
            8,
            9,
            10,
            11,
            12,
            13,
            14,
            15,
            16,
            17,
            18,
            19,
            20,
            21,
            22,
            23,
            24,
            25,
            26,
            27,
            28,
            29,
            30,
            31,
            32,
            33,
            34,
            35,
            36,
            37,
            38,
            39,
            40,
            41,
            42,
            43,
            44,
            45,
            46,
            47,
            48,
            49,
            50,
            51,
            52,
            53,
            54,
            55,
            56,
            57,
            58,
            59,
            60,
            61,
            62,
            63
          ],
          "heads": [
            0,
            1,
            2,
            3
          ]
        }
      },
      "win": false,
      "verdict": "NO CLUSTERS \u2014 ghosts are scattered noise; Collatz-basin analogy does not hold here"
    },
    "test_3": {
      "test": "rope_pair_correlation",
      "analogy": "twin_prime_symmetry",
      "skeleton_k": 27,
      "per_layer_mean_r": [
        0.7093,
        0.2944,
        -0.271,
        -0.1736,
        0.0255,
        0.9119,
        0.8326,
        0.7089,
        0.896,
        0.8312,
        0.9263,
        0.8644,
        0.8184,
        0.9625,
        0.9696,
        0.9753,
        0.9821,
        0.9829,
        0.9949,
        0.9339,
        0.9623,
        0.9069,
        0.8667,
        0.9769,
        0.9665,
        0.8561,
        0.8596,
        0.8678,
        0.9717,
        0.9168,
        0.9291,
        0.9595,
        0.7818,
        0.9847,
        0.9616,
        0.9425,
        0.9317,
        0.9584,
        0.9389,
        0.9601,
        0.9647,
        0.9647,
        0.872,
        0.9633,
        0.9464,
        0.9506,
        0.905,
        0.9565,
        0.8734,
        0.9298,
        0.9563,
        0.9485,
        0.9438,
        0.9513,
        0.9498,
        0.9688,
        0.9559,
        0.9645,
        0.9711,
        0.9397,
        0.9487,
        0.9037,
        0.9564,
        0.971
      ],
      "overall_r": 0.8646,
      "early_r": 0.788,
      "late_r": 0.9411,
      "peak_layer": 18,
      "win": true,
      "verdict": "WIN \u2014 r=0.865: RoPE pairs correlated; differential (cos\u2013sin) residual encoding could halve storage"
    },
    "test_4": {
      "test": "fractional_lookahead",
      "analogy": "fractional_operators",
      "alphas_tested": [
        0.25,
        0.5,
        0.75,
        1.0,
        1.5,
        2.0
      ],
      "p3_curve": [
        0.328475,
        0.324269,
        0.320987,
        0.312411,
        0.339906,
        0.425127,
        0.534969,
        0.504844,
        0.522533,
        0.439824,
        0.464635,
        0.435648,
        0.446699,
        0.327112,
        0.305165,
        0.308297,
        0.330189,
        0.347523,
        0.323914,
        0.31836,
        0.341763,
        0.361328,
        0.359068,
        0.296651,
        0.322757,
        0.336326,
        0.327056,
        0.314785,
        0.305087,
        0.310243,
        0.3406,
        0.295338,
        0.329636,
        0.261,
        0.326323,
        0.34209,
        0.322491,
        0.34139,
        0.33425,
        0.326752,
        0.325881,
        0.330707,
        0.34302,
        0.328718,
        0.344251,
        0.321249,
        0.294677,
        0.340698,
        0.338294,
        0.340666,
        0.329231,
        0.34094,
        0.32676,
        0.307062,
        0.338806,
        0.30512,
        0.363523,
        0.336822,
        0.313075,
        0.34049,
        0.323004,
        0.328653,
        0.314349,
        0.331598
      ],
      "actual_transition_layer": 13,
      "standard_detection_layer": 64,
      "best_alpha": 0.25,
      "best_alpha_detection_layer": 33,
      "lookahead_layers": 31,
      "detection_by_alpha": {
        "0.25": 33,
        "0.5": 64,
        "0.75": 64,
        "1.0": 64,
        "1.5": 64,
        "2.0": 64
      },