{
  "input": "D:\\F\\shannon-prime-repos\\shannon-prime\\logs\\phase12\\kv_qwen3_8b_q3.npz",
  "shape": {
    "n_layers": 36,
    "n_heads": 8,
    "n_pos": 128,
    "head_dim": 128
  },
  "analysis_dim": 154,
  "sqfree": true,
  "results": {
    "test_1": {
      "test": "boundary_sharpness",
      "analogy": "superconductivity",
      "skeleton_k": 24,
      "analysis_dim": 154,
      "transition_layer": 0,
      "per_layer_mean_error": [
        0.922129,
        0.918287,
        0.927969,
        0.927191,
        0.929961,
        0.932203,
        0.920416,
        0.907039,
        0.911481,
        0.909035,
        0.908673,
        0.91928,
        0.920747,
        0.913356,
        0.915293,
        0.924067,
        0.913481,
        0.911974,
        0.907607,
        0.895635,
        0.893064,
        0.899195,
        0.878939,
        0.87342,
        0.859525,
        0.88834,
        0.890106,
        0.887413,
        0.884406,
        0.880931,
        0.895048,
        0.891753,
        0.883703,
        0.887,
        0.897494,
        0.883559
      ],
      "per_layer_std_error": [
        0.006355,
        0.021666,
        0.016469,
        0.016457,
        0.014756,
        0.015387,
        0.023051,
        0.021652,
        0.023904,
        0.020112,
        0.025447,
        0.024621,
        0.023477,
        0.022177,
        0.025433,
        0.017973,
        0.026221,
        0.022858,
        0.03938,
        0.037973,
        0.041748,
        0.031494,
        0.058486,
        0.062362,
        0.074796,
        0.052744,
        0.04187,
        0.052395,
        0.048569,
        0.053795,
        0.039504,
        0.045681,
        0.061023,
        0.051953,
        0.039276,
        0.061648
      ],
      "early_mean_error": 0.922129,
      "late_mean_error": 0.903048,
      "early_std_error": 0.006355,
      "late_std_error": 0.035075,
      "variance_ratio": 0.1812,
      "step_sharpness": 0.0,
      "win_variance_ratio": true,
      "win_step_sharpness": false,
      "verdict": "MIXED \u2014 partial step behaviour; investigate the specific transition layer"
    },
    "test_2": {
      "test": "ghost_basin",
      "analogy": "collatz_clustering",
      "backend": "dbscan",
      "n_ghost_heads": 288,
      "n_ghost_fraction": 1.0,
      "eps_used": 1.3246,
      "min_samples": 3,
      "n_clusters": 1,
      "n_noise": 0,
      "coverage": 1.0,
      "clusters": {
        "0": {
          "size": 288,
          "mean_entropy": 6.085,
          "layers": [
            0,
            1,
            2,
            3,
            4,
            5,
            6,
            7,
            8,
            9,
            10,
            11,
            12,
            13,
            14,
            15,
            16,
            17,
            18,
            19,
            20,
            21,
            22,
            23,
            24,
            25,
            26,
            27,
            28,
            29,
            30,
            31,
            32,
            33,
            34,
            35
          ],
          "heads": [
            0,
            1,
            2,
            3,
            4,
            5,
            6,
            7
          ]
        }
      },
      "win": false,
      "verdict": "NO CLUSTERS \u2014 ghosts are scattered noise; Collatz-basin analogy does not hold here"
    },
    "test_3": {
      "test": "rope_pair_correlation",
      "analogy": "twin_prime_symmetry",
      "skeleton_k": 24,
      "per_layer_mean_r": [
        0.9811,
        0.1981,
        0.4935,
        0.6125,
        0.4817,
        0.4953,
        0.1622,
        0.1948,
        0.3671,
        0.0655,
        0.0165,
        -0.0756,
        -0.1591,
        -0.2286,
        -0.1317,
        -0.1153,
        -0.1815,
        0.0318,
        0.9373,
        0.8066,
        0.5934,
        0.8452,
        0.7512,
        0.7675,
        0.8469,
        0.8789,
        0.9315,
        0.9865,
        0.8929,
        0.8637,
        0.7485,
        0.705,
        0.7642,
        0.9069,
        0.7795,
        0.8604
      ],
      "overall_r": 0.5021,
      "early_r": 0.1782,
      "late_r": 0.8259,
      "peak_layer": 27,
      "win": false,
      "verdict": "PARTIAL \u2014 r=0.502: moderate pairing signal; worth testing differential encoding on early layers only (r_early=0.178)"
    },
    "test_4": {
      "test": "fractional_lookahead",
      "analogy": "fractional_operators",
      "alphas_tested": [
        0.25,
        0.5,
        0.75,
        1.0,
        1.5,
        2.0
      ],
      "p3_curve": [
        0.329692,
        0.318773,
        0.346146,
        0.310213,
        0.345227,
        0.326371,
        0.341907,
        0.346921,
        0.329779,
        0.337475,
        0.33842,
        0.344482,
        0.32818,
        0.326265,
        0.309736,
        0.313822,
        0.331834,
        0.343667,
        0.321498,
        0.315804,
        0.315613,
        0.319436,
        0.293149,
        0.290722,
        0.29489,
        0.281351,
        0.305245,
        0.30208,
        0.294317,
        0.289041,
        0.325744,
        0.305222,
        0.276459,
        0.288495,
        0.306999,
        0.323244
      ],
      "actual_transition_layer": 3,
      "standard_detection_layer": 36,
      "best_alpha": 0.25,
      "best_alpha_detection_layer": 22,
      "lookahead_layers": 14,
      "detection_by_alpha": {
        "0.25": 22,
        "0.5": 36,
        "0.75": 36,
        "1.0": 36,
        "1.5": 36,
        "2.0": 36
      },
      "gl_curves": {
        "0.25": [
          0.329692,
          0.23635,
          0.235544,
          0.175762,
          0.205394,
          0.17077,
          0.181621,
          0.177382,
          0.152745,
          0.159205,
          0.155263,
          0.157369,
          0.136223,
          0.134864,
          0.117349,
          0.123984,
          0.140842,
          0.14703,
          0.119006,
          0.115537,
          0.116314,
          0.119798,
          0.091837,
          0.094774,
          0.100907,
          0.086937,
          0.113937,
          0.105701,
          0.096792,
          0.092473,
          0.130368,
          0.10081,
          0.073586,
          0.092451,
          0.11004,
          0.121456
        ],
        "0.5": [
          0.329692,
          0.153927,
          0.145548,
          0.076688,
          0.11405,
          0.07188,
          0.08718,
          0.080162,
          0.054662,
          0.065953,
          0.061353,
          0.063885,
          0.041928,
          0.045173,
          0.029301,
          0.040925,
          0.057976,
          0.060291,
          0.029326,
          0.031426,
          0.034707,
          0.03907,
          0.010741,
          0.020627,
          0.028611,
          0.014301,
          0.045024,
          0.031584,
          0.023157,
          0.021027,
          0.060767,
          0.022555,
          -0.000336,
          0.026371,
          0.042228,
          0.049187
        ],
        "0.75": [
          0.329692,
          0.071504,
          0.076157,
          0.00784,
          0.060419,
          0.013134,
          0.037152,
          0.028922,
          0.004895,
          0.022931,
          0.017953,
          0.02188,
          -0.000107,
          0.008724,
          -0.005849,
          0.010644,
          0.026893,
          0.025164,
          -0.007695,
          0.001247,
          0.006347,
          0.010987,
          -0.018001,
          -0.001083,
          0.007136,
          -0.008478,
          0.025666,
          0.005937,
          -0.001124,
          -0.000914,
          0.040244,
          -0.007181,
          -0.023761,
          0.010438,
          0.022646,
          0.024939
        ],