{
  "input": "D:\\F\\shannon-prime-repos\\shannon-prime\\logs\\phase12\\kv_qwen3_8b_q8.npz",
  "shape": {
    "n_layers": 36,
    "n_heads": 8,
    "n_pos": 128,
    "head_dim": 128
  },
  "analysis_dim": 154,
  "sqfree": true,
  "results": {
    "test_1": {
      "test": "boundary_sharpness",
      "analogy": "superconductivity",
      "skeleton_k": 24,
      "analysis_dim": 154,
      "transition_layer": 0,
      "per_layer_mean_error": [
        0.929662,
        0.917138,
        0.921497,
        0.923216,
        0.932115,
        0.935066,
        0.914783,
        0.911738,
        0.919995,
        0.913004,
        0.909223,
        0.915197,
        0.926086,
        0.917419,
        0.9089,
        0.915183,
        0.917067,
        0.915649,
        0.90769,
        0.899805,
        0.902194,
        0.906545,
        0.888023,
        0.874243,
        0.859626,
        0.887245,
        0.894927,
        0.887521,
        0.887084,
        0.883955,
        0.896506,
        0.891592,
        0.886099,
        0.888337,
        0.901131,
        0.884074
      ],
      "per_layer_std_error": [
        0.0051,
        0.020334,
        0.014966,
        0.02116,
        0.014832,
        0.015635,
        0.020788,
        0.024931,
        0.022649,
        0.022694,
        0.024058,
        0.018842,
        0.018753,
        0.023398,
        0.028051,
        0.02488,
        0.021841,
        0.020097,
        0.040742,
        0.037929,
        0.040447,
        0.028798,
        0.054964,
        0.060082,
        0.071194,
        0.051107,
        0.042214,
        0.046223,
        0.046451,
        0.05131,
        0.038661,
        0.045274,
        0.057783,
        0.051317,
        0.037371,
        0.064422
      ],
      "early_mean_error": 0.929662,
      "late_mean_error": 0.904709,
      "early_std_error": 0.0051,
      "late_std_error": 0.034147,
      "variance_ratio": 0.1494,
      "step_sharpness": 0.0,
      "win_variance_ratio": true,
      "win_step_sharpness": false,
      "verdict": "MIXED \u2014 partial step behaviour; investigate the specific transition layer"
    },
    "test_2": {
      "test": "ghost_basin",
      "analogy": "collatz_clustering",
      "backend": "dbscan",
      "n_ghost_heads": 288,
      "n_ghost_fraction": 1.0,
      "eps_used": 1.3274,
      "min_samples": 3,
      "n_clusters": 1,
      "n_noise": 0,
      "coverage": 1.0,
      "clusters": {
        "0": {
          "size": 288,
          "mean_entropy": 6.097,
          "layers": [
            0,
            1,
            2,
            3,
            4,
            5,
            6,
            7,
            8,
            9,
            10,
            11,
            12,
            13,
            14,
            15,
            16,
            17,
            18,
            19,
            20,
            21,
            22,
            23,
            24,
            25,
            26,
            27,
            28,
            29,
            30,
            31,
            32,
            33,
            34,
            35
          ],
          "heads": [
            0,
            1,
            2,
            3,
            4,
            5,
            6,
            7
          ]
        }
      },
      "win": false,
      "verdict": "NO CLUSTERS \u2014 ghosts are scattered noise; Collatz-basin analogy does not hold here"
    },
    "test_3": {
      "test": "rope_pair_correlation",
      "analogy": "twin_prime_symmetry",
      "skeleton_k": 24,
      "per_layer_mean_r": [
        0.9873,
        0.198,
        0.4642,
        0.6355,
        0.5398,
        0.5019,
        0.1948,
        0.2305,
        0.407,
        0.0904,
        -0.018,
        -0.1712,
        -0.1433,
        -0.2871,
        -0.1195,
        -0.1164,
        -0.1475,
        0.0938,
        0.9494,
        0.8304,
        0.6342,
        0.8593,
        0.7574,
        0.7726,
        0.8589,
        0.858,
        0.9183,
        0.9828,
        0.8888,
        0.8569,
        0.7484,
        0.6987,
        0.785,
        0.9045,
        0.7809,
        0.8564
      ],
      "overall_r": 0.5078,
      "early_r": 0.1856,
      "late_r": 0.83,
      "peak_layer": 0,
      "win": false,
      "verdict": "PARTIAL \u2014 r=0.508: moderate pairing signal; worth testing differential encoding on early layers only (r_early=0.186)"
    },
    "test_4": {
      "test": "fractional_lookahead",
      "analogy": "fractional_operators",
      "alphas_tested": [
        0.25,
        0.5,
        0.75,
        1.0,
        1.5,
        2.0
      ],
      "p3_curve": [
        0.335002,
        0.325096,
        0.330869,
        0.341863,
        0.335761,
        0.341652,
        0.314485,
        0.320833,
        0.322362,
        0.335956,
        0.343369,
        0.331712,
        0.321121,
        0.331978,
        0.335471,
        0.340629,
        0.32987,
        0.333017,
        0.316606,
        0.312163,
        0.30631,
        0.325989,
        0.293503,
        0.29499,
        0.292045,
        0.291509,
        0.288728,
        0.301933,
        0.307917,
        0.294609,
        0.319274,
        0.304336,
        0.277371,
        0.290466,
        0.31027,
        0.326719
      ],
      "actual_transition_layer": 22,
      "standard_detection_layer": 36,
      "best_alpha": 0.25,
      "best_alpha_detection_layer": 22,
      "lookahead_layers": 14,
      "detection_by_alpha": {
        "0.25": 22,
        "0.5": 36,
        "0.75": 36,
        "1.0": 36,
        "1.5": 36,
        "2.0": 36
      },
      "gl_curves": {
        "0.25": [
          0.335002,
          0.241345,
          0.218188,
          0.210348,
          0.188903,
          0.185898,
          0.149814,
          0.156236,
          0.153192,
          0.162584,
          0.163035,
          0.145082,
          0.13311,
          0.144195,
          0.143569,
          0.145156,
          0.130478,
          0.133569,
          0.115066,
          0.112965,
          0.108126,
          0.129047,
          0.091603,
          0.098948,
          0.097016,
          0.097448,
          0.094957,
          0.108766,
          0.111446,
          0.095197,
          0.121593,
          0.100538,
          0.074714,
          0.094203,
          0.112702,
          0.123841
        ],
        "0.5": [
          0.335002,
          0.157595,
          0.126446,
          0.114854,
          0.090067,
          0.0885,
          0.051639,
          0.065432,
          0.062409,
          0.072236,
          0.070038,
          0.050554,
          0.041882,
          0.056596,
          0.054346,
          0.055492,
          0.039994,
          0.04618,
          0.027763,
          0.030311,
          0.027644,
          0.050826,
          0.009216,
          0.0246,
          0.023611,
          0.025369,
          0.023544,
          0.038464,
          0.03828,
          0.020463,
          0.050201,
          0.023617,
          0.001137,
          0.027957,
          0.044393,
          0.050698
        ],
        "0.75": [
          0.335002,
          0.073844,
          0.05564,
          0.050148,
          0.028285,
          0.032929,
          -0.001887,
          0.021755,
          0.018849,
          0.030024,
          0.026035,
          0.006555,
          0.002633,
          0.021196,
          0.016986,
          0.018352,
          0.002673,
          0.012696,
          -0.005838,
          0.001554,
          0.000184,
          0.024961,
          -0.021523,
          0.002747,
          0.001047,
          0.003415,
          0.001638,
          0.017252,
          0.013748,
          -0.005104,
          0.028551,
          -0.004128,
          -0.021999,
          0.011813,
          0.024365,
          0.025736
        ],