{
  "n_vecs": 2048,
  "head_dim": 128,
  "n_bands": 10,
  "total_bits": 30,
  "band_energies": [
    130.73851013183594,
    132.43943786621094,
    132.65255737304688,
    131.1166229248047,
    132.27247619628906,
    128.8594207763672,
    127.8531494140625,
    128.0600128173828,
    128.49986267089844,
    129.26815795898438
  ],
  "k_bits": [
    3,
    3,
    3,
    3,
    3,
    3,
    3,
    3,
    3,
    3
  ]
}
