{
  "n_vecs": 2048,
  "head_dim": 154,
  "n_bands": 10,
  "total_bits": 35,
  "band_energies": [
    66.2530288696289,
    57.31460189819336,
    87.57931518554688,
    58.495338439941406,
    71.7081298828125,
    82.8711166381836,
    44.82727813720703,
    96.787353515625,
    39.493675231933594,
    62.78451919555664
  ],
  "k_bits": [
    3,
    3,
    4,
    3,
    4,
    4,
    3,
    5,
    3,
    3
  ]
}
